{"walls":[{"id":"plane_0","start":{"x":0.6129575322426765,"y":-0.18087683618068695,"z":-0.07071156183154306},"end":{"x":-0.3657585184134452,"y":-0.18087683618068695,"z":-0.275930693951538}}],"corners":[],"distances":[],"valid_room":false}